store_id,item_id,mean,std
0,0,0.7958545327665054,0.8501426171467014
0,1,0.8332802541254526,0.6155741670748277
0,2,0.4251611437986816,0.6698781285859245
0,3,2.383046834568386,0.7214310985918196
0,4,1.795764956173708,0.8134793432004269
0,5,1.4807685377248636,1.076491577939552
0,6,0.7360849824362384,0.6351051595402629
0,7,3.4376553794540547,1.3918258739141174
0,8,1.926165185372983,0.8970250536036061
0,9,1.6369745958866777,0.6338435460006872
0,10,0.29662403379963176,0.451890519203339
0,11,1.1710679023869266,0.574788494655828
0,12,0.8025640895996162,0.6873984415077852
0,13,2.0126335944747966,0.8885738235963768
0,14,3.5633084607055636,0.7863484268565301
0,15,3.534278591618809,0.6053739279438485
0,16,1.8622548440013924,0.8482589540435131
0,17,0.1915688827247834,0.3737879307796959
0,18,2.3861536907639214,1.9294891007679031
0,19,0.9992382779961936,0.6198126922243471
0,20,1.3861577692766687,0.8860461936538335
0,21,1.052130518242737,0.6008702197297652
0,22,1.8122380628253785,0.9952456616499965
0,23,0.7620717163768025,0.6860360736096663
0,24,1.1892225488282835,0.7926307439942438
0,25,0.043705702330297594,0.20457751798254942
0,26,0.5325576246938195,0.7392762901502244
0,27,1.480276156652448,0.8611728325250317
0,28,2.2841211633227507,0.60994278316231
0,29,2.300866805920451,1.5335582192578265
0,30,1.0824312997927634,0.5897858726149381
0,31,3.131116155507381,1.423674088329488
0,32,0.5446611232149847,0.6506995696926731
0,33,1.2608653147131512,0.6892397800621335
0,34,0.5369615054173829,0.5235317015141201
0,35,1.4543732305061972,0.7686085256450843
0,36,1.4969572205342883,0.9468424241849526
0,37,1.1931066129357453,0.5384875899424787
0,38,0.3969229077506657,0.5026361010799749
0,39,1.2067369369016139,1.004498543058759
0,40,0.9603911384061687,0.6195095620860721
0,41,1.2401163074601576,0.8018515377513354
0,42,2.9295087794205616,0.8414690629784908
0,43,1.8530582958813462,0.6419988769141755
0,44,0.3897912666200713,0.6392966262500834
0,45,0.4253695333752838,0.7553151075287013
0,46,2.030972393579595,0.6736858718166701
0,47,2.9418537923740233,1.943206437802262
0,48,0.9041503631856834,0.7323380880732446
0,49,1.8890414296791898,0.5332901967295702
0,50,0.4987244918668892,0.5702902803246219
0,51,0.2677616843501471,0.4188266253100298
0,52,0.28576437200701355,0.5165543882362569
0,53,0.35668141769689543,0.5412083354915798
0,54,2.38067637967638,0.6751633095067195
0,55,1.2511372382827692,1.218466582608129
0,56,1.3046968867745161,0.9445179457883539
0,57,1.266493335388728,0.5661951365910939
0,58,0.6397229642457317,0.5985998033593182
0,59,0.9757734941174306,0.5755895794096758
0,60,0.2384170386213906,0.4352677081408865
0,61,0.6328492175962172,0.5900644951692586
0,62,2.2670659711636842,0.7498941529733281
0,63,0.3460959957147177,0.4712778491113937
0,64,0.5393136152996884,0.8300824108000273
0,65,3.0730866649732076,1.3855072505645014
0,66,1.8649136613035104,0.640349453826622
0,67,1.0906472473515272,0.6958842113309841
0,68,0.34276402941699347,0.47666397465710825
0,69,1.420602701100927,0.711480392700734
0,70,1.2010462650491198,0.5435709591750555
0,71,2.0523132243440343,1.1586780804273427
0,72,1.443948913331193,0.6544897195997486
0,73,1.4285184696056206,0.6645779869382434
0,74,0.676681378964394,0.7764602593576854
0,75,2.406496583580708,0.9345800804503477
0,76,1.9867429224694284,0.5775692119485984
0,77,2.4990210734169764,1.4769297183338002
0,78,1.101375707696339,1.067859269519074
0,79,0.5213471069837494,0.5382764320825523
0,80,0.597667341683936,0.6972815571971677
0,81,1.665459387585799,0.89970317662027
0,82,1.5166687476603944,1.1348891686928368
0,83,1.9700457090526813,0.6652121908022084
0,84,1.1786424478655497,0.9880442610765101
0,85,1.193527415030767,0.7120874038316853
0,86,2.3564458190238367,0.5937276974527543
0,87,1.519016310552445,1.574014925270833
0,88,0.6089802922385814,0.9590830324841714
0,89,0.8142369400731573,0.5337646630734433
0,90,0.681130039380676,0.5689365082630895
0,91,0.977819161780558,0.6886988794678708
0,92,0.5058295039349056,0.5487562063273758
0,93,1.4627682605396408,0.5639920405851301
0,94,1.1144182979436759,0.8552845335816929
0,95,1.471665269173275,1.19739689407688
0,96,1.6157722382951132,0.6559419991212234
0,97,0.4589515416121013,0.4942206611452103
0,98,3.2296523327693154,0.686603298189174
0,99,0.367891346892418,0.548687142183236
0,100,1.7601565182531858,0.6505431817221253
0,101,0.7751901323077954,0.7733191998240146
0,102,0.2824937761469181,0.4721871059971491
0,103,1.9680973416727796,0.6857740562856299
0,104,1.2857516304037198,0.5734555158657664
0,105,0.7005931720297561,0.5331781115944663
0,106,1.1872275729803785,0.8024577351927573
0,107,0.3844267749781085,0.5324417667174159
0,108,0.33349825465339067,0.5413505702379577
0,109,0.6691901081004572,0.6772088708246614
0,110,0.90731129153783,1.0450384890882274
0,111,0.7302088815457924,0.8302076908057608
0,112,0.7500078671922306,0.5198738848948975
0,113,0.6191665148477244,0.4966514848813194
0,114,0.8954271177165147,0.9697154311907928
0,115,0.8510371412538559,0.8222017177607741
0,116,0.7349403487740228,0.9568924065361226
0,117,1.0538285533201597,1.0932116946024624
0,118,1.1024592683538463,1.0219330674215394
0,119,1.2136303801002102,1.1391897410128582
0,120,0.3459435704581365,0.6609338808093823
0,121,0.7721177350086244,0.9727677034129657
0,122,1.4217396853490194,0.7857335855475146
0,123,0.7366124515155049,0.5997640492892983
0,124,1.3520444708177468,0.9057375328900212
0,125,1.9664472146860417,0.6117898446145791
0,126,1.0719881631162071,1.2083357149367062
0,127,1.7265040842685495,0.9985958281150072
0,128,0.8556084129278816,0.74942494469169
0,129,3.02292542746817,1.2240796346051113
0,130,0.37696433650342503,0.5245200908271175
0,131,0.28111358975455064,0.40736976177364026
0,132,1.3319763955735942,0.8490940682567
0,133,0.3777757675991131,0.5662609283618855
0,134,0.7975218273876717,0.9779195476375139
0,135,0.7030860436732874,0.9358005386392004
0,136,1.495513283094866,1.2263291803064715
0,137,1.6986569269257101,1.2982151308394216
0,138,1.1699033152878018,0.643486568798967
0,139,1.796209206386194,0.7385031995190147
0,140,1.2604945099476095,0.9817294476499858
0,141,1.3275866189219037,0.6436611738560288
0,142,2.9715278130794536,1.242086829983667
0,143,1.5613267819185919,1.3263693027372032
0,144,1.5611256717627844,0.8479536539329662
0,145,2.420356144013248,0.7638016023493135
0,146,1.687800747119152,0.4541292527411129
0,147,0.7440110527483618,0.8462269543026399
0,148,1.8721310055169351,1.0799418447231304
0,149,1.740827437651593,1.0967649415338634
0,150,1.5917537798717314,1.4964147969520563
0,151,0.6299268514088394,0.8864686201380322
0,152,1.5945366567145653,0.6718173775421227
0,153,0.8249987002831136,1.4758571369556437
0,154,1.9096772724195323,0.8187652661802178
0,155,1.0554810282778775,0.7370583602036763
0,156,0.6218479590410788,0.9538234522579245
0,157,0.4729270279084511,0.5710533069269553
0,158,1.0618902167685538,0.5801981820697074
0,159,1.9394664287762602,0.5977484553809093
0,160,0.8315279907092264,0.6426901948054027
0,161,1.3084432114439222,1.3270551760530507
0,162,0.9740728497876932,1.0903596839406309
0,163,0.5219172820588129,0.7225336535910301
0,164,2.836384746074714,1.5413075720493994
0,165,0.56145002331879,0.6252284563402873
0,166,0.5618781824935241,0.7322417938332438
0,167,1.586066603044903,0.7353639912199057
0,168,1.184435089220953,0.8034736473803539
0,169,0.2933501655183553,0.4391470443802137
0,170,0.6769010836444015,0.5933780230306231
0,171,0.5928707046641072,0.5999089220038539
0,172,1.51576473739742,1.2575084986317044
0,173,3.6395879155804827,1.3315197184228615
0,174,1.8846396175176519,0.7588690017509699
0,175,0.44937776461857004,0.6340280921649296
0,176,0.24424923879849944,0.42381035802511313
0,177,0.8017690776990077,0.9333217972330979
0,178,0.5985088219551096,0.5871844415544526
0,179,1.0175091902571,0.5913522085518129
0,180,0.37921546874410667,0.7373102905562
0,181,1.2541712923451436,0.6998839845115129
0,182,0.4405382644809738,0.5205440827019959
0,183,3.389512237780191,1.2889274069035184
0,184,0.2711848275116971,0.4764191528559354
0,185,0.23103285179408006,0.44939999919920137
0,186,0.3097993516890738,0.438615024556118
0,187,1.186473279930067,0.7308527170466252
0,188,2.094268457281831,1.1156634492826158
0,189,1.4551898210633887,0.8141964767956121
0,190,0.6024777081967427,0.48892527629302956
0,191,1.504657705114976,0.7748632117037418
0,192,0.49753493823285916,0.7764172044258841
0,193,1.3671269052562336,0.9322054332052362
0,194,2.2254628126755587,0.4253971155164807
0,195,2.136557320315494,0.6256734903739117
0,196,0.6787001478283432,0.8310820914823469
0,197,0.427164148108949,0.7700091213796139
0,198,0.4007242451112086,0.4944694751482794
0,199,0.6818000958897168,1.0664098319095556
0,200,0.6558421843361976,0.5264177942206203
0,201,1.2946910442212776,1.213640202943138
0,202,2.996090523363128,0.7212807098219205
0,203,0.47173217720008254,0.7313745473591994
0,204,0.8117951741690747,1.1274056261275098
0,205,0.275220019139813,0.412307221898254
0,206,1.6374090935908507,0.5803774479370192
0,207,0.45424842755588085,0.5401110473127374
0,208,1.760846465415635,0.8028261447651293
0,209,2.0007155760918396,0.6331014534420686
0,210,0.4087714194177699,0.5062194813755893
0,211,0.5634067381730004,0.636163666410587
0,212,0.3514218593990479,0.5408707426379243
0,213,1.0976536587339738,0.6713389674119862
0,214,0.9823006582949295,0.5887414351421606
0,215,0.7580397192388587,0.9630737771249621
0,216,0.6700104557851431,0.608691062991215
0,217,1.0696522343411534,0.7713750340398888
0,218,1.4271958814089323,1.0180718574664327
0,219,0.916591670362974,0.6998298167460149
0,220,1.8459046361114075,0.7379973736968871
0,221,0.40074127401267906,0.5601219786247709
0,222,0.45096163405815143,0.530826117596948
0,223,1.3876720605732284,0.733359309428202
0,224,0.5998285844898925,1.1058010554910256
0,225,2.867912006999223,0.9941657959476171
0,226,0.8940107590498515,1.3428558205608099
0,227,1.425394716381553,0.7307397052772331
0,228,2.685401298592755,1.5546296836071598
0,229,1.8773356001875783,0.5894622780564016
0,230,1.3185961561054529,0.5056764764031667
0,231,1.209595567819253,0.6529140198333172
0,232,1.260855779799628,0.8322489640714452
0,233,0.7439478460298518,1.320244686767451
0,234,2.5197374550372245,0.6826719636338263
0,235,0.5082186244219749,0.5989311207944873
0,236,3.323706675044877,1.2954733207407674
0,237,0.38741340882178227,0.4989832973240351
0,238,0.6049786769985941,0.9043899446336846
0,239,0.7651211450160759,1.0078642827018875
0,240,1.9580275815485149,1.2993323122293379
0,241,1.9092673262620254,0.49493307973052986
0,242,0.5978450032120225,0.6037925420992436
0,243,0.48724374297383377,0.6758306070808275
0,244,0.6574704836828276,1.0790944199741668
0,245,0.6768910364136346,0.8381178696086343
0,246,3.915399389570127,0.5067283295451521
0,247,1.0449110240594188,0.8978041932825516
0,248,3.5590182426389956,1.387273217188253
0,249,0.6334662010116368,0.527789838387139
0,250,2.257460562254218,0.5165785219694258
0,251,0.8308764702391267,0.549417818553714
0,252,1.1108611620076,0.915619869231916
0,253,2.816909676086943,1.7064280974784833
0,254,0.5391966858119248,0.7625991215768999
0,255,0.6157450342138472,0.589784304369176
0,256,1.2952885896590178,0.5595301731977362
0,257,0.7721177230188236,0.71639223040077
0,258,1.3695991170237825,0.788797636869342
0,259,0.3480654403781094,0.5298720616247692
0,260,3.8114754265201745,1.3384886732150438
0,261,0.26447982580127144,0.541596429373996
0,262,1.3221411920261144,0.8828930960213964
0,263,0.6239213991804662,0.6359797943140962
0,264,0.31878138153869073,0.4516502842807874
0,265,0.8669053498859831,0.5288554419530173
0,266,0.26300457596249627,0.4405531194297686
0,267,1.2252340941638302,1.0063593996675508
0,268,1.7006037879162335,0.5732432088860722
0,269,1.6612526277848843,0.8559675849166719
0,270,3.113481476673884,1.688290599209257
0,271,0.40655605047929405,0.8069771414795454
0,272,1.7113700188449292,0.8266171678486743
0,273,0.9718611270150241,1.0012788015223968
0,274,1.3168228631556218,0.8876855068694386
0,275,0.30467516901810315,0.6084755573056504
0,276,0.4864879161030845,0.498898910442594
0,277,0.2699442632043313,0.4407535616265697
0,278,3.0582821936555096,0.6509618632105464
0,279,1.5804277254262094,0.9521049329591973
0,280,2.9224207584483923,1.2738697660336826
0,281,0.8671268674516509,0.6385173571636067
0,282,0.8308797426603078,0.5747545080536418
0,283,0.6336767256251242,0.8014068027831498
0,284,0.9968792287533023,0.6717648966435119
0,285,0.425200669059999,0.5404481291196978
0,286,3.3702325271788216,1.3830679686000555
0,287,1.4960629105922347,0.4950693956732334
0,288,1.8024584588838992,0.8232852162192845
0,289,1.5769928972478269,0.9371818190167538
0,290,0.4636939194825189,0.570476674652315
0,291,1.966663480266248,1.0503010795223555
0,292,1.7156168062211365,0.6851877926271556
0,293,0.1829570568065601,0.3468028447071798
0,294,0.9975083061213383,0.6726402215005045
0,295,0.4799819322276188,0.5235663691414845
0,296,0.7094865188070563,0.5751339081308681
0,297,0.5774055554638944,0.7314552925079449
0,298,0.501607023630284,0.5329830260990124
0,299,0.9192929885017797,0.9626407812874949
0,300,1.5510340077382359,0.6907150242909292
0,301,1.4295953786511635,0.5785993498918235
0,302,0.38821357722869,0.6037698831626263
0,303,2.8771838977182713,1.363531885637333
0,304,1.9969002147701143,0.6095555137924591
0,305,0.47839146531151094,0.5113631158749401
0,306,0.7364154149861654,0.6334623182899983
0,307,1.3710372988904886,1.1372583196094583
0,308,1.8297252847832908,0.572584903461179
0,309,0.4056337964561246,0.6816858291189837
0,310,2.8209702120027305,0.8502018347272522
0,311,1.7638240398607339,0.8617352145920462
0,312,2.1927945423936257,0.4399256318397022
0,313,0.49957699207755446,0.5437444167015395
0,314,2.292763758109357,0.40401621218661127
0,315,1.6686919594009093,0.8284934562181753
0,316,0.426198192774194,0.5619833186567198
0,317,1.2107489262880904,0.7948608278828956
0,318,1.505388979386213,0.9885055986882366
0,319,1.7247774570657852,0.47300107118542845
0,320,2.245098976212045,0.46638718467318335
0,321,1.8800188772517876,0.6964127056463195
0,322,0.8254974514900224,0.7881672243130938
0,323,1.4137267147753734,0.9878959258280802
0,324,0.6423716417415536,0.6592066515438469
0,325,0.8048847436930255,0.9560289939516696
0,326,0.3784768326554022,0.8364501281778097
0,327,0.26027422670639394,0.41809902395095766
0,328,2.8921242047622764,0.83516583574059
0,329,2.1027691364545484,0.602160009396249
0,330,0.9505932104752323,1.172419211992439
0,331,0.5429366527348388,0.7157566660902467
0,332,3.4565538486229475,1.3686756625249017
0,333,0.952782845164119,0.6817618007379919
0,334,1.5591383100929257,0.5867546135445911
0,335,0.5072534625432191,0.903090694365702
0,336,2.4114425566930033,0.7014918704836169
0,337,0.7267108025055875,0.7884824369431253
0,338,0.7183330302566889,0.6045216659400059
0,339,3.895968681052478,1.4932053270954708
0,340,0.9416327490220516,1.1650695121786445
0,341,1.0327884046439197,0.6743622411939614
0,342,1.5649655551289015,0.6170964268299909
0,343,0.7726388164731681,0.9652758949412705
0,344,1.6073047674995073,1.6919058222046013
0,345,1.0405399196639677,1.675785110204278
0,346,1.4968436209301281,0.8326943703646037
0,347,1.26663269532201,0.8803373641149064
0,348,1.8219262482227676,0.572773315185844
0,349,1.0407593154952601,1.19143904189647
0,350,0.31285556334041137,0.5138856558185213
0,351,0.6126356594949156,0.5514567397511487
0,352,0.8377114938734467,0.729294811425125
0,353,0.35597736110266737,0.5615315191500159
0,354,0.7700506039912608,0.5834044097385526
0,355,1.8762408857483877,0.8216142946179138
0,356,0.509596931184234,0.4977783393081285
0,357,0.5230472945010999,0.6149612197957391
0,358,1.8578065168267093,0.8827932590318228
0,359,0.8243240158301557,0.5720456262174679
0,360,1.7438078936160115,1.7622550239501429
0,361,3.3852770795795633,1.476683334093284
0,362,3.9639202742877337,1.437260826688726
0,363,1.4843891125553628,0.8098864956776418
0,364,1.1179738977194245,1.1052895654710968
0,365,1.3071562973649136,1.0703094216495341
0,366,0.22290659457630954,0.4067163872222215
0,367,0.5757223968480143,0.676735301272777
0,368,0.7497271775969903,0.510763091315903
0,369,2.3392199197469448,0.7280036680253262
0,370,2.198997791216535,0.7987460519730583
0,371,1.9931473919218166,0.596239731123771
0,372,3.369357127106852,0.7202563246151276
0,373,1.496111563210483,0.6764934280061885
0,374,1.438334942648966,0.8988295175208366
0,375,1.1757154445948037,1.1932113892595355
0,376,0.2990105177220846,0.5976282929174086
0,377,1.102015368016321,0.5915332358168005
0,378,2.1481981670414694,2.0246550601540076
0,379,1.61645032924109,0.7806041598008104
0,380,0.38563015675307877,0.5633395989448828
0,381,0.8977051612332988,0.5902750899044646
0,382,0.46265127068387435,0.5990419233717321
0,383,0.7728131978387881,0.998760788308799
0,384,0.5954002785000145,0.6573179917807236
0,385,1.2066806227157576,1.2086764716931484
0,386,0.5261228811536904,0.7603592809328635
0,387,0.4003581448648324,0.5367048288195204
0,388,1.0338611221233995,1.0625380196722998
0,389,3.1544190997650587,1.3995484459886876
0,390,1.3017436394404174,0.6330780097087133
0,391,2.2881137107480973,0.9181269717231805
0,392,0.39129876404238817,0.5951915079923981
0,393,0.28131130985600017,0.4313704671793627
0,394,0.8499388833116535,0.5897657658033013
0,395,2.978718807258669,1.6280873163908145
0,396,0.6556576065536368,0.5826693246950758
0,397,0.6095997491662297,0.5667008051885095
0,398,2.0277832144634296,0.9691381324683077
0,399,1.888436880035926,1.1898689003231673
0,400,1.834722574627708,0.740421033080649
0,401,0.7814393717439652,0.7929138155253276
0,402,1.1744060204173201,0.6323609960071126
0,403,1.076565347983262,0.8955377188491646
0,404,1.3901321876224157,0.9106552557183746
0,405,1.1020373187086356,0.6616653186644842
0,406,1.9747086033120922,0.4494830680133246
0,407,1.9051260648770156,0.7943278135667522
0,408,2.35068974662221,1.6989909971798407
0,409,0.9399844051291959,0.6971038865644394
0,410,0.6966378945766858,0.6213253085435819
0,411,1.7338279489903277,0.5790367562611705
0,412,1.2082354299265725,1.0763635579116386
0,413,0.49288066420683785,0.5210927428887522
0,414,1.9708517152873575,1.01258838075882
0,415,1.895540179738496,0.6541810520218224
0,416,0.38721896114151383,0.4590963798936899
0,417,0.7124398217674359,0.6756728718288605
0,418,0.7675188061004443,0.652890639693483
0,419,0.5626283859246906,0.5793905452794453
0,420,0.4314441422834787,0.520987734855401
0,421,0.5905727610408635,0.5803008813617676
0,422,1.0318633138696172,0.7783034338844775
0,423,0.4586094815792319,0.49448803259111507
0,424,0.9790183306077023,0.6186796661254724
0,425,0.15104670307577273,0.33954539749988916
0,426,0.8493588471264674,0.6812684681100618
0,427,0.22595870254262962,0.4630098761388751
0,428,0.3283448747990045,0.4421096452988776
0,429,0.2290397856713104,0.4445702225562639
0,430,0.10843229017256728,0.29971345401682936
0,431,0.3889902669493272,0.4893723536743822
0,432,0.5182111032022398,0.6173335396034932
0,433,0.7750147332635356,0.8047467193888775
0,434,0.4386121873167967,0.5962510529818912
0,435,0.4667437290646016,0.5149765702072385
0,436,0.19069608119146653,0.36243731527323236
0,437,0.6413909992371025,0.6112251019865624
0,438,0.142484984906398,0.3841344082565947
0,439,0.5946883323165517,0.8828584489970066
0,440,0.24084722822343727,0.45140360846406125
0,441,0.4709857164485718,0.805254930028806
0,442,0.21143710837203453,0.41316698701041094
0,443,1.0130963914387616,0.8100825900436868
0,444,0.9818414432242275,0.813018477111303
0,445,0.31964680696580916,0.4700617644562853
0,446,0.19546139694915218,0.4518338680952267
0,447,0.958495913365783,0.8280099016096077
0,448,1.4321656358468917,0.9786432204530273
0,449,0.3561046721326168,0.4935451077632614
0,450,0.1922770430040289,0.4090329402101298
0,451,1.5334394296243146,0.7801819863546466
0,452,0.28715970767074306,0.4530992766179524
0,453,0.29001104021686824,0.5650469045467549
0,454,0.4929541285970834,0.5179391036465489
0,455,0.16412368509762607,0.403833419627389
0,456,0.39573322582734055,0.6761456195194194
0,457,0.8686973621185933,0.7938300159516033
0,458,0.7133132852315891,1.0870849566678873
0,459,0.4300721632611461,0.4961714182859263
0,460,0.40476945432875855,0.5905609507289039
0,461,0.5248983924390851,0.5513395358857089
0,462,0.23813718028998648,0.4519905869669591
0,463,0.6464473409574105,0.7109696066877507
0,464,0.4296608902147751,0.5085792094516779
0,465,0.33922635275022056,0.49403011939982105
0,466,0.748021250854261,0.6299612461671
0,467,0.29017074652208585,0.4556062528023297
0,468,1.0736025193450922,0.7769476828102351
0,469,0.38501302564593265,0.5628230216631114
0,470,0.26613882215877094,0.43461655175597796
0,471,0.37006161469154986,0.4800209880246483
0,472,0.5108800317269779,0.6480276094703306
0,473,0.3703057009823152,0.6576035579812212
0,474,1.653921151413292,1.191234676428106
0,475,0.8451248792099751,0.6764876833085673
0,476,0.5498158958604434,0.5935154834435366
0,477,0.49451889277201166,0.505601339959276
0,478,0.7652119816484435,0.7537051711091342
0,479,0.2807805683555526,0.4767081577681789
0,480,0.2592514100920493,0.49967206577838164
0,481,0.3745300432163609,0.4895514113805502
0,482,0.2776028118869559,0.5519502148455231
0,483,0.6402785772235224,0.6076772287921913
0,484,0.5164081856674495,0.636388993721754
0,485,0.2922798609860246,0.5424494272241269
0,486,0.33458954408048275,0.5194516450774354
0,487,0.45235064198195446,0.6015646346843232
0,488,0.32539603764912695,0.4615954175404455
0,489,0.49796690741090494,0.5139569312725012
0,490,1.4142526610479922,1.0405550990098948
0,491,0.8932639920853922,0.7640839798517414
0,492,0.2524327627688813,0.46189088063858746
0,493,0.6695877723582653,0.599319415318409
0,494,0.25048486944610643,0.42585161707301245
0,495,0.4044344056079256,0.44362331306173436
0,496,0.2663735076901803,0.4504576127822704
0,497,0.2202425507066899,0.43925416136740025
0,498,0.8112934239427239,0.807555176533139
0,499,0.1849057813931714,0.43129265514291604
0,500,0.8814979703736797,0.7674384549360754
0,501,0.21914632633074393,0.4078656978271079
0,502,0.38107533862156906,0.551295461388405
0,503,0.9291443985999923,0.7709550131752182
0,504,0.667250793186301,0.7688207506970549
0,505,0.1849396915043858,0.4573629548308501
0,506,0.7116620669467727,0.8104265519415823
0,507,0.4552945441829782,0.5585933059076411
0,508,0.5347548863496918,0.6155663082409953
0,509,0.22417613404603598,0.4374580242644255
0,510,0.26711137005143337,0.5453016427110343
0,511,0.7929147731784594,0.6721004201912165
0,512,0.24972271483543057,0.49509733033487263
0,513,0.8113206966900204,0.7542950588776169
0,514,0.20921262913903654,0.3896976397034611
0,515,0.8872216937230898,0.6961918161548823
0,516,0.39462012024165055,0.5927926539701119
0,517,0.663494966806132,0.5810268678290544
0,518,0.8219651205234124,0.6825523953587422
0,519,0.3901565356026111,0.5454497494265844
0,520,0.6406214685202282,0.6373315175287801
0,521,0.20545236089347096,0.39076523930944385
0,522,0.4229555980395156,0.674796756844251
0,523,0.1995587902787333,0.4078423424524361
0,524,0.3186669957251944,0.5715132342725245
0,525,0.4003581448648324,0.5862564393238346
0,526,0.17924689630984306,0.4145664963930535
0,527,0.5073328976722049,0.5389357953343459
0,528,0.5983988586045784,0.5973390561566647
0,529,0.29837914196981097,0.5025927239366909
0,530,1.157541958045797,0.7032049500035582
0,531,0.7276754467741562,0.6103649125038791
0,532,0.8705395195174068,0.8172754230988005
0,533,0.3923633023620287,0.49271996859951095
0,534,0.14096045858261064,0.2931476852688674
0,535,0.9739826642908355,0.7541504097714311
0,536,0.4345075368836847,0.7048624841247236
0,537,0.5328417224466628,0.7005286720057968
0,538,0.4397106357476516,0.5461116648856221
0,539,1.0166259455850335,1.1147983854602113
0,540,0.42190977187725204,0.5229895076945498
0,541,0.3745903829884018,0.7141792525011154
0,542,0.2877816260350165,0.4752078924446226
0,543,0.4473949822290178,0.5158132615921438
0,544,1.6582318474062172,1.0002983345384493
0,545,0.567200504020073,0.5997840848669725
0,546,0.7836691176923243,0.7852716615603031
0,547,0.2092944291886121,0.5938657441342289
0,548,0.6805406445809659,0.7212949647073129
0,549,0.30708930375562304,0.45685247114325805
0,550,0.299561608260729,0.5076779061093009
0,551,0.5787272003483153,0.692150622947761
0,552,0.5283999349397346,0.6551344222062214
0,553,0.1939409743103823,0.3672002089334253
0,554,0.3837145110138455,0.49978784040583996
0,555,0.5451759400166138,0.7433219514791829
0,556,0.5032186231328798,0.5820264755425406
0,557,1.6695170528280572,1.2541541146219932
0,558,0.46595614769376786,0.6595864106571457
0,559,0.3949466662089957,0.6255467722571191
0,560,0.8554008357107893,0.7223619951416764
0,561,0.44600763683288747,0.5226356294303058
0,562,0.47061288664757345,0.6107221276738496
0,563,0.6315899396655018,0.702026502219974
0,564,0.42369288117284826,0.6627037225016672
0,565,1.0084133484051827,0.6680403198292039
0,566,0.7627646964028947,0.7660307056976492
0,567,1.1405179675226675,1.044564893951218
0,568,1.8967004518852164,1.1019808189135245
0,569,1.890370224744983,0.9659880481314053
0,570,1.9260446291828777,0.9575234932257619
0,571,2.5205569345902137,1.0361129377888514
0,572,1.2412176258813776,0.7175486079644223
0,573,0.5258844629758473,0.7586385103211603
0,574,0.7264612169063702,1.0668161490594144
0,575,1.7625200041813018,0.7643119888363672
0,576,0.9201350569424476,0.983553546628849
0,577,1.4375961632189025,1.0692078880828237
0,578,1.1550271013642297,0.873668251608692
0,579,0.4953226390969409,0.6568527141244662
0,580,2.1543584045690993,0.9849692385801481
0,581,1.0643500291527603,1.0073709348776771
0,582,0.5067456760441387,0.9370003177304816
0,583,2.6706716935248496,1.6338555926716851
0,584,0.721971122371105,0.902713471266842
0,585,1.9639805242944923,0.804732566083998
0,586,0.3183780731130661,0.6686826025715571
0,587,0.6120719134764183,0.8401821871511633
0,588,0.9036938315235095,0.9162224093911423
0,589,1.6366164557183736,0.4904527867157219
0,590,0.9372125833682391,1.151816181849138
0,591,2.7635271065423646,0.8700281744052717
0,592,2.1468897623359813,0.6998541749992091
0,593,1.0276604043476847,1.1377132861109487
0,594,1.501007920149159,1.068016832003983
0,595,2.5099971762566953,1.581178069454041
0,596,1.1328360780741207,1.144550420385759
0,597,1.6616981513315916,0.4513235091635783
0,598,1.0969926571054345,0.8023596762139632
0,599,0.20323281660932682,0.4625908593439145
0,600,0.9196404865056815,0.8208478913995161
0,601,2.700833843323413,0.3175157890835791
0,602,1.7543142229447535,1.1996393843137054
0,603,2.5420695607771604,1.1223449908420535
0,604,1.1579611413920199,1.139892030275581
0,605,0.516250456299844,0.8515703281289461
0,606,0.49862975211704846,0.717913527548213
0,607,2.527766636470704,0.9191958131144016
0,608,2.1679894822076395,0.4482492502181044
0,609,1.4732684621491765,1.0549508826444949
0,610,2.5276621513713673,0.9556744685322968
0,611,0.3168450708685373,0.7937688357500279
0,612,1.4904105829155148,1.4717964701457389
0,613,1.9121405439739465,1.5311016250260843
0,614,0.7851473439460136,0.8298320029153008
0,615,2.392718121684554,1.0426916158311428
0,616,0.33159553413061044,0.5782910990225606
0,617,2.666593259828488,0.49569943103938013
0,618,1.1541079039545947,1.0420487793130062
0,619,0.5339095451427893,0.5966489293027951
0,620,0.9091657196899551,1.031265089996409
0,621,1.7548417753709562,1.1903880548176546
0,622,0.34842701818533917,0.5011625467006615
0,623,1.2247831827580582,1.10691361822756
0,624,1.7308506551334866,1.0958580249507368
0,625,0.46686461138129576,0.8910883612128601
0,626,0.5887304369187686,0.7149027935447293
0,627,1.6784873226001007,1.25009597561453
0,628,2.695420868893528,1.7145545544068412
0,629,1.5978420643239852,1.139160295945998
0,630,2.164514535511437,0.9259035801188858
0,631,1.801127739303486,0.6530347023074746
0,632,1.7816366769572187,0.6984919555011972
0,633,1.8560622970809053,1.503420290258829
0,634,2.850846456531005,0.520711902919875
0,635,1.0006527126801548,0.5403750125043826
0,636,1.256643408389176,0.6809613168293668
0,637,2.093619450186309,0.738610226236229
0,638,0.7241873163289957,0.7818148466942219
0,639,0.9474221921526218,0.9283669911449909
0,640,1.744401291163067,0.8122796790636706
0,641,1.8196646354640982,1.2351772385793958
0,642,0.581495667744839,0.6660996359926695
0,643,0.700460121774428,0.7749383296951016
0,644,1.8804288583182844,1.1996368672525892
0,645,3.1687426051826333,1.0914019548986662
0,646,0.5816843492124173,0.5787663670863853
0,647,2.108370849293813,1.0928792026824476
0,648,2.376965869492269,0.5114884602537365
0,649,1.5673612611371923,0.6311394938748637
0,650,1.5769653151612448,0.6514297280073188
0,651,2.0220203245859727,1.442648390540375
0,652,1.6861916258523226,0.5698148751330423
0,653,0.4268322050910841,0.5672366471073865
0,654,1.3097480004212296,1.2510189616591862
0,655,1.6081859005728034,1.3753639429864732
0,656,1.0228544736160228,0.7545402065614271
0,657,2.2997385540042705,1.9383935229402423
0,658,1.4407447182886708,0.6063531905874914
0,659,0.30796855507374005,0.5755159547505052
0,660,1.4294179648254806,0.79161208510743
0,661,2.340722536245885,0.7035340822402247
0,662,1.9823215450334573,0.6270088791262102
0,663,0.8502215865783797,1.0580830803021912
0,664,1.5517989973300508,1.1049198898310542
0,665,0.30561898886570177,0.46412104530543846
0,666,1.5018309207600682,0.72053596230061
0,667,1.1778422974536447,1.5847797325071957
0,668,1.8094658183272296,1.05007173905025
0,669,0.6931808413039212,0.539490881792736
0,670,2.3622408608237873,0.3998355726684571
0,671,2.4880194791044605,2.0960052061081056
0,672,2.302876422584996,0.6753902331199018
0,673,1.1350019919275716,1.0203039509592309
0,674,2.8584708682550164,0.7506583470165048
0,675,0.6240152931826585,0.7910155174711949
0,676,0.2841012719644965,0.5387852343582008
0,677,0.9042428851250367,0.7274803916720627
0,678,3.924336112939514,0.4376216807987099
0,679,1.7158130574900028,1.443087367811158
0,680,1.2546109550815332,0.5852026335637304
0,681,1.3144538646558963,1.10677526021813
0,682,2.460868595073404,0.9409937871818647
0,683,0.9006626616080391,0.9105166832623012
0,684,1.922951244448134,1.3756835108715502
0,685,1.5783434520375712,0.621668997529541
0,686,1.435831156990497,0.5067098219773575
0,687,1.5902138491068922,1.0495701139379485
0,688,1.985935458801695,0.9742541672731084
0,689,2.4368344779946236,0.34061102483880107
0,690,1.2641050334699502,1.137319123208761
0,691,0.463860381069377,0.8642147884832976
0,692,2.1134501943814836,0.9365103527816846
0,693,1.1185401024718586,0.9600897757384039
0,694,1.2605636022923368,0.8635802155447341
0,695,1.1612325013665783,1.175361218457314
0,696,1.2142875230437589,1.177382085925042
0,697,0.20554353775729686,0.4515865399985251
0,698,1.6523705723607203,0.9651837275534397
0,699,0.4597227348566484,0.5811292058109224
0,700,2.227800540182387,0.6864092546105309
0,701,2.0553699796139573,0.5500815190716479
0,702,1.4220954518583007,0.9921296088125949
0,703,1.3646748296934943,1.3014263427000319
0,704,0.7649458733834569,0.8626991606468154
0,705,1.4758356425144212,1.3822608465857338
0,706,2.1931815210628116,0.3906026426403628
0,707,2.5479301085861534,0.8158810905677876
0,708,0.4093207665315524,0.826140651752008
0,709,2.505834839747018,0.5408735718707682
0,710,0.4956818890041145,0.5509902167730099
0,711,3.4483024920090957,1.0134206295609514
0,712,0.5188052707752651,0.788933423359203
0,713,1.7547283000775051,1.4321250930908356
0,714,1.1388069767570244,0.9891334167599403
0,715,1.5173889003223988,0.8084106265322004
0,716,0.6510307049741575,1.167571144726426
0,717,1.2647603983888278,1.2002128201069424
0,718,1.539414316492594,0.8395656976606087
0,719,0.22460937094273117,0.5301015972973411
0,720,0.8939958223077695,1.0956707026608914
0,721,0.6739683490745959,0.7545855508325788
0,722,1.8131778953953233,0.73062776700056
0,723,0.3809480275916198,0.571616186882117
0,724,0.9220004183245956,1.1272704086627003
0,725,1.4930438550151537,1.0055615349842706
0,726,1.2769525719505113,1.0237238683671417
0,727,1.334799711542623,0.8749110292736794
0,728,1.5773145716692119,0.939801213914795
0,729,1.9838681936819078,1.6181338562723016
0,730,1.1925440591383598,0.9737813667174287
0,731,1.670195661663519,1.0647202379278482
0,732,0.8927665232320402,1.1481051544738938
0,733,3.192710745021081,0.6403223806129069
0,734,0.6446964942773626,0.8838241996272485
0,735,1.3175366948410048,0.9966391532073927
0,736,1.6165561455245707,0.6187353528865155
0,737,2.317191129293625,1.1835017807234882
0,738,1.4083417942499616,0.5995904736816319
0,739,3.022660218196467,0.9174489243455616
0,740,2.0754621417824906,1.1447525372010448
0,741,1.9030680325238745,0.594780645331447
0,742,1.3379391937406713,0.8931536216198898
0,743,0.7364790838080315,0.7712847052933671
0,744,1.3824447351283387,1.2007557751804838
0,745,1.0868011313693513,1.2362117613571582
0,746,1.9306567793816596,1.2819103645408587
0,747,0.33186070966032666,0.6289445171730983
0,748,2.1501679510997085,0.8270410347506967
0,749,0.4450139740544213,0.6687406915592462
0,750,0.6180174983172543,0.8633254395003963
0,751,2.598324009320452,1.6845282699278181
0,752,1.3481385219356588,0.5517724470184918
0,753,0.9809138486465653,1.316028597483592
0,754,1.5985938726374471,0.9201545653019894
0,755,0.9275820066698048,0.7544203596079988
0,756,2.7411687567553407,0.7134094321628603
0,757,2.6415934071275085,0.4269241727621992
0,758,3.0257260064929636,0.6769922825705345
0,759,0.7303775761006587,0.8033336893349572
0,760,1.0979036069686998,0.7947787254116945
0,761,0.35848796420763845,0.7501357336726523
0,762,1.6889290845063285,1.4496213788386831
0,763,1.7668618955694007,0.899176990817609
0,764,2.7494030566113956,0.955700117600953
0,765,1.3798893856714003,0.7472275109222544
0,766,0.699876095161513,0.6277577517097583
0,767,1.0309533271360232,0.7069839730013092
0,768,0.5974320831106781,1.0657846486871518
0,769,0.29115136337968406,0.6380044247626858
0,770,0.42714186984868524,0.5744443020897185
0,771,1.344699478020396,0.7182591499463832
0,772,1.6513579785513386,0.9364888704507619
0,773,0.7342390957567834,0.9838238440659652
0,774,1.8305307174430394,1.5838545675451563
0,775,1.9209168892915676,0.5417486881660342
0,776,0.2735772204199476,0.5041554800011944
0,777,1.4192678182480392,1.2081308611612478
0,778,1.5800204802302817,1.0830315011514882
0,779,1.465998392454181,1.0818986888321342
0,780,1.450100854093551,1.2328259127341106
0,781,0.6448045228351136,0.8245721863468163
0,782,1.393590611068877,1.4223911050153084
0,783,0.9997122489041885,0.9957151573876767
0,784,1.0968941150410616,0.7940584821053341
0,785,1.9110976236423152,1.5492492560583844
0,786,1.0548499395223407,1.2909029812897963
0,787,0.6727661543312818,1.109539491737813
0,788,1.1772971154318133,0.7076494799261958
0,789,1.16446267534896,0.6562608831517746
0,790,1.3074809220209276,0.6521760044413283
0,791,0.7736424186109456,1.0036837483323156
0,792,1.3199384327568346,1.0093555953390054
0,793,0.5322987147046725,0.8159642744874142
0,794,3.2310264662187436,0.4874486948837797
0,795,2.1289103584563085,0.7682793340254226
0,796,2.3544486096545616,1.0498212985899027
0,797,0.31566089182270546,0.5794733410056235
0,798,1.1993776063941262,1.0330968927084698
0,799,0.6340436350666445,0.8061967525564123
0,800,1.5141131190597876,0.9524167427003349
0,801,0.2473231629234173,0.577825156803093
0,802,3.030183784109046,0.36453688004460183
0,803,0.8811106737577259,0.9860730055321534
0,804,0.7482545349402295,1.1565926020607957
0,805,0.6273824456235937,1.2014388014913298
0,806,2.6689469294854278,0.4417962379631982
0,807,1.470130452574547,0.957629941195779
0,808,1.3888432085918951,1.1638867152476025
0,809,0.45719809596959476,0.5911188306783675
0,810,2.5789676891907303,0.46198118558682416
0,811,0.8739695625756223,0.7083526107924406
0,812,0.3674005438651784,0.7382105855775277
0,813,1.8107551812766816,1.721462415463481
0,814,1.136835423372084,0.6058738369214876
0,815,1.7461257264337056,0.6547096258285305
0,816,1.0132109768684805,0.9635861339021043
0,817,0.2533466334171756,0.43097183166753456
0,818,1.626071755218208,0.9292432343040926
0,819,0.2826994865159669,0.4705723703847866
0,820,1.286989951253745,0.6920113172825288
0,821,1.985585158276289,1.7263573974062842
0,822,0.529749950111743,0.5967280268901466
0,823,0.42289945301557447,0.6493293486900734
0,824,1.8314010803708167,0.5916343019684275
0,825,0.6332214701258737,0.8891863272909671
0,826,0.5178572688739673,0.9182787792294493
0,827,1.3810930411774502,0.6829050515146572
0,828,1.0002283667256042,0.6234974398425934
0,829,0.9185145701635321,0.510673726702549
0,830,0.4681947909981435,0.6162827519399781
0,831,2.638506125354897,1.3174195320447635
0,832,0.2609976105863299,0.5944681288760971
0,833,2.049448479210225,0.9950143387937682
0,834,0.6797617992491986,0.5252048537842406
0,835,2.169776195768707,1.634682711359817
0,836,1.544051827808218,0.43421825881401094
0,837,2.3142311194530953,0.7042118320511942
0,838,1.1689273455804845,0.8620515073601315
0,839,1.374289819435321,0.7811504309196818
0,840,1.961023682302376,1.193642637047954
0,841,1.2176923211707806,1.3849762913266042
0,842,0.8571579823211026,1.0186562578913434
0,843,2.1165313703381923,1.263398508561669
0,844,0.2946698127369303,0.5684244368183147
0,845,1.995506764424416,0.7610108102033716
0,846,1.2502898767576034,0.8257284881404671
0,847,1.4508086618352785,0.7625299187087206
0,848,1.1180675465132248,0.7875223358129879
0,849,1.9273175043241009,1.1140551226923474
0,850,1.9174428790810258,1.153052257228867
0,851,0.7225033950191955,1.133920496769891
0,852,3.143432761459272,0.5057834782562421
0,853,1.4905393030360155,0.6166715738323427
0,854,0.6444274503647911,0.8113846795068462
0,855,0.2998978454522639,0.5504050434032318
0,856,1.579123370618198,1.0198691298251457
0,857,0.9785307532967334,1.0793936085694282
0,858,0.12056149143491196,0.31643965749386754
0,859,1.5404787963878033,1.14866858587348
0,860,0.6524422293960842,0.747203508597946
0,861,3.339066104498525,0.8963287831155159
0,862,2.232618709981363,1.7964604824742474
0,863,1.2167295789947354,0.7753055741514091
0,864,1.1099754345720394,1.3463151451543824
0,865,1.0228133564518989,1.3829483958815598
0,866,0.264559739976317,0.5617413137863104
0,867,1.80406706111265,0.4941781304729548
0,868,1.9647014844511084,1.3009579576929033
0,869,0.6647623948891144,0.9987299661905038
0,870,1.008807945060286,0.6268458861739962
0,871,1.522792875230819,0.9967311889359871
0,872,0.1418170624782934,0.3678186299169159
0,873,0.7221787140720094,0.730236760863891
0,874,2.0952253002010854,0.48727893033989256
0,875,0.7263612080242824,1.0940887305677336
0,876,2.1503682093170964,1.1902414030401107
0,877,2.4059179907724664,0.7658427567598046
0,878,0.7843403014294636,0.8910244857308692
0,879,2.37184414903458,0.7391180821513692
0,880,0.905071270921058,1.1472989474803201
0,881,0.33458460913162896,0.5075290102344076
0,882,1.551194498588087,0.8467539433070517
0,883,1.7421638972677385,0.8361648625219397
0,884,0.9170453625184688,0.7876326879488538
0,885,2.8618239791409508,1.1932913633343711
0,886,1.0625018191673148,1.284595564501883
0,887,1.2811826902679055,1.0798905980108502
0,888,0.8142457704266737,1.0721877353592428
0,889,1.4022862745172608,0.6763965281853727
0,890,0.4701824889341182,0.8233207751749511
0,891,1.7254393488435638,0.6514150723393328
0,892,2.998618790978447,1.814302380840684
0,893,0.44676180117596415,0.5635258899711207
0,894,1.6021602859096973,0.8606096519681015
0,895,1.0611781139517906,0.796961387987983
0,896,1.8517608373609529,1.7134954353140228
0,897,2.5687344326359627,1.6547216571609926
0,898,1.0034742388000828,0.6193271115234634
0,899,0.9186507770542452,0.7039553196991648
0,900,0.8913288671745863,1.0798069811828002
0,901,1.7861343418251578,1.03484781008182
0,902,1.8591351333663708,0.7614466024998529
0,903,2.5030656506137126,0.496684898879692
0,904,1.4466953980885426,1.022975765198325
0,905,2.1048856867493924,0.9481292671090888
0,906,1.8269022672153192,1.2365888283761022
0,907,1.143812202656053,1.371867640524161
0,908,2.321058234022319,0.6952906446191485
0,909,2.361610920298807,1.7306458464280683
0,910,1.705812890698046,0.6113820119985769
0,911,1.8206664639745513,0.7322211426870401
0,912,0.6339395329863655,0.7460440620418003
0,913,0.7806680001471985,1.0839428580567192
0,914,1.3687058389962068,1.2674994336641199
0,915,1.3509867283371577,1.136561380512988
0,916,1.2993657118147652,1.115376117490574
0,917,1.237539438036834,0.5467085727016823
0,918,2.3466905118149812,1.605324524607895
0,919,1.549785175263841,0.6312164100470308
0,920,0.9262917221501532,0.8933874188610369
0,921,2.0646037927128664,0.5262973016149596
0,922,1.79271508916724,0.4477743778187149
0,923,1.6302319588213097,1.2340653963294261
0,924,1.0229712815603773,0.5937407199787909
0,925,1.0600639903079117,0.6197638026340199
0,926,1.9951244427017736,1.0966747915362216
0,927,2.204893404770893,0.731356733051309
0,928,0.5294289331837283,0.9812167559151824
0,929,2.0418546863149474,0.6614535859565092
0,930,3.5449778192814847,0.3711852360425332
0,931,1.4142435268111253,0.8752234192339419
0,932,1.1955715540262302,0.7434867532013807
0,933,2.3718562853996725,0.6107174484033598
0,934,1.5064808093401751,0.5303209132274189
0,935,0.0497928893614673,0.19207788039510387
0,936,2.219931769390405,0.4895702228452055
0,937,0.9244932999416838,0.9599209504327015
0,938,2.255631533136247,0.33684470491645696
0,939,0.5899299145851389,0.930170275897076
0,940,1.4086543737680617,1.1573711868225258
0,941,0.5992847175126094,0.8310869209415258
0,942,1.5894317670153468,1.4352322568296991
0,943,1.7138496073392007,1.3458416736906136
0,944,2.7512806389366036,0.8435718360909461
0,945,0.3532927254455624,0.6987958877805942
0,946,2.9272839255105167,0.9514145377870386
0,947,0.6687404492566189,1.0466977656925487
0,948,1.2374503145040412,1.0386525192169123
0,949,1.1386650264725826,0.8007852472882176
0,950,1.2101643381824347,0.8715237439427661
0,951,0.732606689738785,0.9689746777285784
0,952,2.075668707858407,0.8881875580435348
0,953,1.5207554618857013,0.8594429186925134
0,954,2.940365079259675,1.32907923953105
0,955,0.7051522158911568,0.6442536538828184
0,956,0.7595940078749785,0.6092096205591675
0,957,0.22379877111087954,0.5466019299897801
0,958,1.25866065350408,0.6279986902595324
0,959,2.242582123153658,0.9620652303528536
0,960,0.6467476289007612,0.7629923810884655
0,961,1.0995000840470748,0.977064713576432
0,962,0.9711493736602366,0.9111561580042035
0,963,1.9527261491352725,1.1370031060893673
0,964,2.4616695513352798,1.9944626813448911
0,965,1.8126194405792533,1.663520461679045
0,966,2.313330324513507,0.7054467640397478
0,967,0.9504522635163187,0.7748487809644704
0,968,1.966913983319001,0.8790855423510618
0,969,1.8805028759255105,1.7445802260312384
0,970,1.2500709480410064,0.6463575034050133
0,971,2.234624766705348,0.7458418401632914
0,972,1.1060304280822042,0.7231637825227615
0,973,2.781610230884883,1.7450627850533185
0,974,0.9013691969617698,0.8254859127535437
0,975,0.8328619832512935,0.9714064120497576
0,976,1.13807258668003,1.0531318852942555
0,977,1.872913737920585,0.40022429886755584
0,978,0.35730868976415164,0.6243645711951595
0,979,1.248684599168452,0.6342965021310664
0,980,2.3456532825599234,0.7429188222299854
0,981,1.716091574074197,1.2000707061154592
0,982,1.8483583244065933,1.355105971755457
0,983,1.2123324234887995,0.6316729877590633
0,984,1.4713234234745323,1.7933343007682687
0,985,0.8907672890933799,1.4678176606565037
0,986,0.8048266426377069,1.0723063469358944
0,987,0.7306378449970514,0.6623802148982096
0,988,0.4032546502109524,0.65335874419824
0,989,2.579496661101642,0.6980637079500676
0,990,0.3965568075042895,0.5874615991865195
0,991,0.9588814955580326,1.1179031436232647
0,992,2.1187464306477004,1.4630558897016215
0,993,1.9016056704171544,0.7092514049314449
0,994,2.8198076464142887,1.1171538892570727
0,995,2.259146491528869,0.7948069819830079
0,996,0.43257130505010477,1.1719889863277904
0,997,0.7323900191010946,0.9372734735410386
0,998,2.075489273334831,1.0720375939369164
0,999,0.5156188467113808,0.7859864882737007
