store_id,item_id,predicted_sales_norm,actual_sales_norm
0,0,[-0.84793144],[0.]
0,1,[-0.14205123],[1.79175947]
0,2,[-0.55163056],[0.]
0,3,[-0.7869137],[0.]
0,4,[-0.10520975],[1.60943791]
0,5,[-0.14767878],[2.83321334]
0,6,[-0.18638687],[1.09861229]
0,7,[-1.8558617],[0.]
0,8,[-0.13617568],[2.19722458]
0,9,[-0.14629707],[1.94591015]
0,10,[0.00378948],[1.09861229]
0,11,[-0.15140413],[1.60943791]
0,12,[-0.15136176],[1.60943791]
0,13,[-0.9017789],[2.39789527]
0,14,[-1.3491815],[3.58351894]
0,15,[-0.37020507],[3.55534806]
0,16,[-0.652301],[2.07944154]
0,17,[-0.46411943],[0.]
0,18,[-1.1019849],[0.]
0,19,[-0.3668995],[0.]
0,20,[-1.3117976],[0.]
0,21,[-0.06293802],[1.09861229]
0,22,[-0.19582406],[1.79175947]
0,23,[-0.2513359],[1.94591015]
0,24,[-0.8089605],[0.69314718]
0,25,[-0.2241378],[0.]
0,26,[-0.61708164],[0.]
0,27,[-0.19416742],[2.39789527]
0,28,[-0.6434333],[2.07944154]
0,29,[-0.5327226],[2.89037176]
0,30,[0.00102485],[1.09861229]
0,31,[-1.3558052],[0.]
0,32,[-0.81345624],[0.]
0,33,[-0.37276176],[1.09861229]
0,34,[-0.35109913],[0.69314718]
0,35,[-0.45667282],[1.94591015]
0,36,[-0.18586187],[2.30258509]
0,37,[0.00398069],[1.79175947]
0,38,[-0.69692653],[0.]
0,39,[-0.11281862],[2.63905733]
0,40,[-0.04075275],[1.38629436]
0,41,[-0.4410526],[1.60943791]
0,42,[-0.82017726],[3.13549422]
0,43,[-0.41236722],[1.79175947]
0,44,[-0.55061346],[0.]
0,45,[-0.47723088],[0.]
0,46,[-0.24395697],[0.]
0,47,[-1.3626628],[0.]
0,48,[-0.1621485],[1.60943791]
0,49,[-0.14446086],[2.30258509]
0,50,[-0.76385266],[0.]
0,51,[0.00937434],[0.]
0,52,[-0.56464565],[0.]
0,53,[-0.619262],[0.]
0,54,[-1.2994756],[2.07944154]
0,55,[-0.91931725],[0.]
0,56,[-0.26409736],[1.60943791]
0,57,[0.01509924],[1.60943791]
0,58,[-0.5531998],[0.]
0,59,[-0.0175088],[1.09861229]
0,60,[-0.5786429],[0.]
0,61,[-0.00389809],[0.]
0,62,[-0.511089],[2.30258509]
0,63,[0.08654928],[0.69314718]
0,64,[-0.6035822],[0.]
0,65,[-0.57544935],[3.36729583]
0,66,[-0.64565885],[0.]
0,67,[-0.1586856],[1.60943791]
0,68,[0.0257676],[0.]
0,69,[-0.14462309],[1.60943791]
0,70,[-0.05676247],[1.09861229]
0,71,[-0.71083105],[1.94591015]
0,72,[-1.3739984],[0.]
0,73,[-0.2062054],[0.69314718]
0,74,[0.14504014],[2.30258509]
0,75,[-0.7728602],[3.13549422]
0,76,[-0.49917203],[2.39789527]
0,77,[-0.33671135],[3.13549422]
0,78,[-1.0405852],[0.]
0,79,[-0.24736644],[0.]
0,80,[-0.69572455],[0.]
0,81,[-0.09569294],[2.39789527]
0,82,[-0.27634948],[2.19722458]
0,83,[-0.3701985],[1.94591015]
0,84,[-0.25710016],[2.19722458]
0,85,[-0.09342057],[2.39789527]
0,86,[-0.5180677],[2.39789527]
0,87,[-0.9169931],[0.]
0,88,[-0.59448475],[0.]
0,89,[-0.01727995],[0.69314718]
0,90,[-0.7412223],[0.]
0,91,[-0.4333666],[0.]
0,92,[-0.5196365],[1.38629436]
0,93,[-0.2321198],[1.60943791]
0,94,[-0.57924396],[0.69314718]
0,95,[-0.60394615],[2.48490665]
0,96,[-1.1610552],[0.]
0,97,[0.24369903],[0.69314718]
0,98,[-0.46932638],[3.36729583]
0,99,[-0.606134],[0.]
0,100,[-0.21257828],[2.19722458]
0,101,[0.23029439],[1.94591015]
0,102,[-0.57148904],[0.]
0,103,[-0.20101166],[2.7080502]
0,104,[-0.21382356],[1.09861229]
0,105,[-0.00550397],[1.09861229]
0,106,[0.04980292],[0.69314718]
0,107,[0.44241253],[1.09861229]
0,108,[-0.64902526],[0.]
0,109,[-0.362817],[0.]
0,110,[-0.8809895],[0.]
0,111,[0.32165325],[1.79175947]
0,112,[-0.05719633],[1.38629436]
0,113,[-0.01370242],[0.69314718]
0,114,[-0.87128603],[0.]
0,115,[-0.8955446],[0.]
0,116,[-0.73770744],[0.]
0,117,[-0.92722225],[0.]
0,118,[-1.0640574],[0.]
0,119,[-1.0006452],[0.]
0,120,[-0.464931],[0.]
0,121,[-0.7441576],[0.]
0,122,[-0.29573298],[1.09861229]
0,123,[-0.07387815],[0.69314718]
0,124,[-0.19161858],[1.38629436]
0,125,[-0.60309815],[2.30258509]
0,126,[0.07953645],[0.]
0,127,[0.01509924],[1.79175947]
0,128,[-0.0008571],[1.38629436]
0,129,[-1.1614821],[3.93182563]
0,130,[-0.59520143],[0.]
0,131,[0.01409799],[0.]
0,132,[-0.13159628],[0.]
0,133,[0.2361253],[0.69314718]
0,134,[-0.828306],[0.]
0,135,[-0.71495587],[0.]
0,136,[-0.7196882],[2.89037176]
0,137,[-0.9892326],[2.63905733]
0,138,[-0.05570693],[1.38629436]
0,139,[-1.3887749],[0.]
0,140,[-0.1586721],[0.69314718]
0,141,[-0.3529069],[1.60943791]
0,142,[-1.1460541],[3.71357207]
0,143,[-1.1470802],[0.]
0,144,[-0.5700578],[1.94591015]
0,145,[-0.42778867],[2.19722458]
0,146,[-0.1650553],[2.19722458]
0,147,[-0.830939],[0.]
0,148,[-0.3293023],[2.99573227]
0,149,[-0.36901575],[2.19722458]
0,150,[-1.0241705],[0.]
0,151,[-0.6199452],[0.]
0,152,[-1.4916301],[0.]
0,153,[-0.5662176],[0.]
0,154,[-0.43990827],[2.30258509]
0,155,[-0.6837191],[1.60943791]
0,156,[-0.5786739],[0.]
0,157,[-0.33019596],[0.]
0,158,[-0.11497327],[1.60943791]
0,159,[-0.31240892],[2.19722458]
0,160,[0.01509924],[1.60943791]
0,161,[-0.29654962],[2.19722458]
0,162,[0.3072336],[0.]
0,163,[-0.6471271],[0.]
0,164,[-0.9827371],[0.]
0,165,[-0.7672382],[0.]
0,166,[-0.7177133],[0.]
0,167,[-0.09127175],[2.19722458]
0,168,[-0.13041432],[1.79175947]
0,169,[0.06635246],[0.]
0,170,[0.13764612],[1.38629436]
0,171,[-0.83781356],[0.]
0,172,[0.01509924],[2.63905733]
0,173,[-1.706159],[0.]
0,174,[-0.74863154],[2.39789527]
0,175,[-0.6712834],[0.]
0,176,[-0.24238102],[0.]
0,177,[-0.80542445],[0.]
0,178,[-0.08979011],[1.79175947]
0,179,[0.00670127],[0.69314718]
0,180,[-0.5131876],[0.]
0,181,[0.01509924],[0.]
0,182,[-0.5806405],[0.]
0,183,[-1.6563617],[0.]
0,184,[-0.53891295],[0.]
0,185,[-0.5342287],[0.]
0,186,[-0.04609253],[0.]
0,187,[-0.2767267],[1.60943791]
0,188,[-0.08133843],[3.13549422]
0,189,[-1.4013213],[0.]
0,190,[-0.03733034],[0.69314718]
0,191,[-0.38533652],[2.19722458]
0,192,[-0.5908939],[0.]
0,193,[-0.28552294],[2.30258509]
0,194,[-0.3182361],[2.30258509]
0,195,[-0.18137166],[2.39789527]
0,196,[-0.7487355],[0.]
0,197,[-0.50560623],[0.]
0,198,[0.01509924],[0.69314718]
0,199,[-0.5670904],[0.]
0,200,[-0.02740728],[0.69314718]
0,201,[-0.9932831],[0.]
0,202,[-0.4613202],[1.38629436]
0,203,[-0.17371361],[1.94591015]
0,204,[-0.6606801],[0.]
0,205,[0.1298823],[0.69314718]
0,206,[-0.34882444],[1.94591015]
0,207,[0.17659192],[1.09861229]
0,208,[-1.5142171],[0.]
0,209,[-0.32119703],[1.09861229]
0,210,[-0.27543023],[1.60943791]
0,211,[-0.8365505],[0.]
0,212,[-0.63275033],[0.]
0,213,[-0.09497057],[0.69314718]
0,214,[-0.10341685],[2.19722458]
0,215,[-0.7929667],[0.]
0,216,[-0.38054022],[1.38629436]
0,217,[-0.9100667],[2.07944154]
0,218,[-0.91820335],[2.30258509]
0,219,[-0.72381693],[0.]
0,220,[-0.6589353],[1.94591015]
0,221,[-0.6008273],[0.]
0,222,[-0.0910656],[0.69314718]
0,223,[-0.34797898],[2.07944154]
0,224,[-0.5178061],[0.]
0,225,[-0.52165383],[2.07944154]
0,226,[-0.6123914],[0.]
0,227,[-0.01569281],[2.19722458]
0,228,[-1.3281503],[0.]
0,229,[-0.27748573],[2.30258509]
0,230,[0.01509924],[1.38629436]
0,231,[-0.04500831],[1.09861229]
0,232,[-0.3429735],[1.60943791]
0,233,[-0.60937893],[0.]
0,234,[-0.6379974],[2.89037176]
0,235,[-0.7514455],[0.]
0,236,[-1.322023],[0.]
0,237,[-0.67443776],[0.]
0,238,[-0.6201217],[0.]
0,239,[-0.6806572],[0.]
0,240,[-0.5901158],[3.40119738]
0,241,[-0.24966304],[1.94591015]
0,242,[0.18449216],[1.09861229]
0,243,[-0.7256654],[0.]
0,244,[-0.635315],[0.]
0,245,[-0.8094854],[0.]
0,246,[-0.2851842],[4.06044301]
0,247,[-0.30720198],[1.60943791]
0,248,[-1.6475729],[0.]
0,249,[-0.29846743],[1.38629436]
0,250,[-0.31356397],[2.07944154]
0,251,[0.01509924],[1.09861229]
0,252,[-0.20616615],[1.79175947]
0,253,[-1.3223915],[0.]
0,254,[-0.7274774],[0.]
0,255,[-0.48470208],[0.69314718]
0,256,[-0.0065126],[1.79175947]
0,257,[-0.24707253],[0.69314718]
0,258,[0.13587622],[1.38629436]
0,259,[0.09690219],[0.]
0,260,[-1.8193114],[0.]
0,261,[-0.43742475],[0.]
0,262,[0.04285595],[2.48490665]
0,263,[-0.41983083],[0.69314718]
0,264,[-0.08584852],[1.09861229]
0,265,[-0.6635482],[1.60943791]
0,266,[-0.20417883],[0.]
0,267,[-0.28957298],[2.19722458]
0,268,[-0.30743358],[1.09861229]
0,269,[-0.19349605],[1.79175947]
0,270,[-0.47438893],[3.61091791]
0,271,[-0.42048487],[0.]
0,272,[-0.63221836],[1.94591015]
0,273,[0.04132732],[2.56494936]
0,274,[0.10220114],[1.60943791]
0,275,[-0.4348745],[0.]
0,276,[-0.052915],[0.]
0,277,[-0.31458145],[0.69314718]
0,278,[-0.9641071],[2.39789527]
0,279,[-1.4386759],[0.]
0,280,[-0.39968672],[2.63905733]
0,281,[-0.0213594],[1.60943791]
0,282,[-0.3518764],[1.09861229]
0,283,[-0.7314962],[0.]
0,284,[-0.22039375],[1.09861229]
0,285,[-0.69682825],[0.]
0,286,[-1.3743451],[0.]
0,287,[-0.04485515],[1.60943791]
0,288,[-1.2456089],[0.]
0,289,[-0.00918521],[2.19722458]
0,290,[-0.0009146],[1.38629436]
0,291,[-0.3938033],[2.89037176]
0,292,[-0.18047565],[2.48490665]
0,293,[-0.09866955],[0.]
0,294,[-0.46644628],[1.09861229]
0,295,[0.28238693],[1.09861229]
0,296,[-0.26104978],[0.69314718]
0,297,[-0.72514814],[0.]
0,298,[-0.06795714],[0.69314718]
0,299,[0.01311924],[2.39789527]
0,300,[-0.02625076],[1.94591015]
0,301,[-1.2609699],[0.]
0,302,[-0.53932536],[0.]
0,303,[-0.17361695],[3.55534806]
0,304,[-0.12843062],[2.19722458]
0,305,[-0.14385806],[0.69314718]
0,306,[-0.15681122],[1.09861229]
0,307,[-0.1362847],[1.60943791]
0,308,[-0.11047945],[1.94591015]
0,309,[-0.5206728],[0.]
0,310,[-0.14409544],[2.07944154]
0,311,[-0.5342344],[1.60943791]
0,312,[-0.50107455],[2.48490665]
0,313,[0.07101674],[0.69314718]
0,314,[-0.5961165],[2.39789527]
0,315,[-0.87775296],[0.]
0,316,[-0.6261176],[0.]
0,317,[-0.6777324],[1.38629436]
0,318,[-0.10609896],[2.56494936]
0,319,[-0.5364108],[1.94591015]
0,320,[-0.24852274],[1.60943791]
0,321,[-0.2116087],[2.39789527]
0,322,[-0.0717385],[0.69314718]
0,323,[-0.34249443],[2.07944154]
0,324,[-0.835558],[0.]
0,325,[-0.76792437],[0.]
0,326,[-0.19757195],[0.]
0,327,[-0.08536864],[0.]
0,328,[-0.98502296],[3.40119738]
0,329,[-0.3878055],[2.83321334]
0,330,[-0.81120425],[0.]
0,331,[-0.7390408],[0.]
0,332,[-1.4245584],[0.]
0,333,[-0.6053252],[1.09861229]
0,334,[-0.01812901],[0.]
0,335,[-0.5175826],[0.]
0,336,[-0.9591934],[2.94443898]
0,337,[-0.83843344],[0.]
0,338,[-0.15282492],[0.]
0,339,[-1.6041999],[0.]
0,340,[0.17007898],[2.99573227]
0,341,[-0.77919215],[0.]
0,342,[0.05920928],[1.79175947]
0,343,[-0.7797112],[0.]
0,344,[-0.9203411],[0.]
0,345,[-0.5166039],[0.]
0,346,[0.10083345],[1.38629436]
0,347,[-1.2710695],[0.]
0,348,[-0.48579073],[2.07944154]
0,349,[-0.83742446],[0.]
0,350,[-0.64352405],[0.]
0,351,[-0.5658184],[0.69314718]
0,352,[-0.78595454],[0.]
0,353,[-0.6265324],[0.]
0,354,[0.01509924],[1.79175947]
0,355,[-0.12913819],[2.83321334]
0,356,[-0.02460205],[0.69314718]
0,357,[-0.77467316],[0.]
0,358,[-0.5127268],[2.07944154]
0,359,[-0.11700926],[0.]
0,360,[-0.9866187],[0.]
0,361,[-1.374176],[0.]
0,362,[-1.7155964],[0.]
0,363,[-0.22912982],[1.60943791]
0,364,[-0.9226516],[0.]
0,365,[-1.0940905],[0.]
0,366,[-0.2528481],[1.09861229]
0,367,[-0.79344225],[0.]
0,368,[-0.23779629],[0.]
0,369,[-0.55561835],[2.7080502]
0,370,[-0.38728875],[2.83321334]
0,371,[-0.11228854],[0.69314718]
0,372,[-0.30607513],[3.61091791]
0,373,[-0.2969296],[2.07944154]
0,374,[-0.0899927],[2.07944154]
0,375,[0.07103983],[2.30258509]
0,376,[-0.39142478],[0.]
0,377,[-0.18621397],[1.38629436]
0,378,[-1.0211909],[0.]
0,379,[-0.22996932],[2.07944154]
0,380,[-0.663418],[0.]
0,381,[0.05470575],[1.38629436]
0,382,[0.2505788],[1.38629436]
0,383,[-0.73621094],[0.]
0,384,[-0.80150133],[0.]
0,385,[-1.0251008],[0.]
0,386,[-0.6953506],[0.]
0,387,[0.01509924],[1.09861229]
0,388,[-0.31071183],[1.38629436]
0,389,[-0.2800886],[3.40119738]
0,390,[-0.01768085],[1.38629436]
0,391,[-0.43323532],[2.83321334]
0,392,[-0.3595845],[0.]
0,393,[-0.36662316],[0.]
0,394,[-0.03679224],[1.60943791]
0,395,[-1.4539247],[0.]
0,396,[0.01509924],[1.60943791]
0,397,[0.01509924],[1.09861229]
0,398,[-0.17622803],[2.39789527]
0,399,[-0.05608542],[0.]
0,400,[-1.8194377],[0.]
0,401,[-0.940479],[0.]
0,402,[-4.1790307e-05],[1.60943791]
0,403,[-0.39862493],[1.38629436]
0,404,[-0.10482215],[1.09861229]
0,405,[0.043409],[1.38629436]
0,406,[-0.43567672],[1.94591015]
0,407,[-0.32135484],[2.56494936]
0,408,[-0.26525164],[3.25809654]
0,409,[-0.24351893],[0.]
0,410,[0.09883367],[0.]
0,411,[-0.1617238],[1.60943791]
0,412,[-0.9970785],[0.]
0,413,[-0.27854043],[0.69314718]
0,414,[-0.7324114],[2.99573227]
0,415,[-0.13168035],[1.38629436]
0,416,[-0.40867782],[0.]
0,417,[0.07507242],[1.94591015]
0,418,[0.05329031],[0.69314718]
0,419,[0.03065437],[0.]
0,420,[-0.4180529],[0.69314718]
0,421,[-0.2551013],[1.38629436]
0,422,[0.22093016],[2.39789527]
0,423,[-0.04181058],[1.38629436]
0,424,[-0.10446054],[1.38629436]
0,425,[-0.51517254],[0.]
0,426,[0.0847066],[0.69314718]
0,427,[-0.41139406],[0.]
0,428,[-0.38377792],[0.69314718]
0,429,[-0.56307966],[0.]
0,430,[-0.40553045],[0.]
0,431,[-0.33127558],[1.79175947]
0,432,[-0.01819911],[0.69314718]
0,433,[-0.25680423],[1.60943791]
0,434,[-0.65499645],[0.69314718]
0,435,[-0.07444441],[1.09861229]
0,436,[-0.50564855],[0.]
0,437,[0.00044936],[1.38629436]
0,438,[-0.3439138],[0.]
0,439,[-0.64150524],[0.]
0,440,[-0.47100106],[0.]
0,441,[-0.5499989],[0.]
0,442,[-0.5298585],[0.]
0,443,[0.03489729],[1.38629436]
0,444,[-0.7799856],[0.]
0,445,[-0.05447292],[0.69314718]
0,446,[-0.42218554],[0.]
0,447,[-0.5451923],[0.]
0,448,[-0.89060396],[0.]
0,449,[0.06471614],[1.09861229]
0,450,[-0.3822357],[0.]
0,451,[-0.09866035],[1.38629436]
0,452,[-0.31074417],[0.]
0,453,[-0.47297603],[0.]
0,454,[-0.01179639],[0.]
0,455,[-0.39626437],[0.]
0,456,[-0.5379444],[0.]
0,457,[0.17601834],[1.38629436]
0,458,[-0.66294223],[0.]
0,459,[-0.01290313],[0.]
0,460,[-0.5348045],[0.]
0,461,[0.06322949],[1.09861229]
0,462,[-0.52145684],[0.]
0,463,[-0.5559891],[0.]
0,464,[0.00777906],[1.60943791]
0,465,[-0.3963698],[0.]
0,466,[-0.07227244],[1.09861229]
0,467,[-0.5107772],[0.]
0,468,[-0.33083385],[0.69314718]
0,469,[-0.5960975],[0.]
0,470,[-0.00712249],[1.38629436]
0,471,[0.01509924],[0.]
0,472,[-0.00018632],[0.]
0,473,[-0.4818935],[0.]
0,474,[-0.09104213],[3.95124372]
0,475,[-0.08365503],[0.69314718]
0,476,[0.00078836],[1.09861229]
0,477,[-0.064638],[1.09861229]
0,478,[0.13552354],[1.38629436]
0,479,[-0.58710015],[0.]
0,480,[-0.45796692],[0.]
0,481,[0.01220933],[0.69314718]
0,482,[-0.43706518],[0.]
0,483,[-0.08231647],[1.79175947]
0,484,[0.17322919],[1.09861229]
0,485,[-0.57772106],[0.]
0,486,[-0.6343021],[0.]
0,487,[-0.74313074],[0.]
0,488,[-0.21508831],[0.]
0,489,[0.01509924],[1.09861229]
0,490,[-0.8497836],[0.]
0,491,[-0.86759555],[0.]
0,492,[-0.5266779],[0.]
0,493,[-0.27040195],[1.09861229]
0,494,[0.05960079],[0.69314718]
0,495,[0.01509924],[0.69314718]
0,496,[-0.60740775],[0.]
0,497,[-0.46141487],[0.]
0,498,[-0.7403404],[0.]
0,499,[-0.4251818],[0.]
0,500,[0.17028433],[0.69314718]
0,501,[-0.5447064],[0.]
0,502,[-0.6352765],[0.]
0,503,[0.2213812],[0.]
0,504,[-0.68748397],[0.]
0,505,[-0.42033315],[0.]
0,506,[-0.83894676],[0.]
0,507,[-0.12245788],[0.]
0,508,[-0.13954253],[0.69314718]
0,509,[-0.5098414],[0.]
0,510,[-0.47932956],[0.]
0,511,[-0.59654564],[0.]
0,512,[-0.00180177],[0.69314718]
0,513,[0.07901657],[1.38629436]
0,514,[-0.51634854],[0.]
0,515,[-0.25883535],[1.79175947]
0,516,[-0.55727047],[0.]
0,517,[-0.01511692],[1.60943791]
0,518,[-0.42407936],[1.38629436]
0,519,[-0.67461175],[0.]
0,520,[0.21078603],[1.60943791]
0,521,[-0.61153644],[0.]
0,522,[-0.4104364],[0.]
0,523,[-0.436361],[0.]
0,524,[-0.52765065],[0.]
0,525,[-0.2629072],[0.]
0,526,[-0.34564713],[0.]
0,527,[-0.01287998],[1.09861229]
0,528,[-0.05490223],[0.]
0,529,[-0.5581234],[0.]
0,530,[-0.6122028],[1.38629436]
0,531,[-0.07116672],[1.60943791]
0,532,[-0.7164418],[0.]
0,533,[-0.07458235],[0.69314718]
0,534,[-0.27653337],[0.]
0,535,[0.12495732],[1.09861229]
0,536,[-0.6412097],[0.]
0,537,[0.2705266],[2.48490665]
0,538,[0.08252215],[1.79175947]
0,539,[0.00553935],[2.30258509]
0,540,[0.13064039],[1.09861229]
0,541,[-0.5439976],[0.]
0,542,[-0.57912487],[0.]
0,543,[-0.08354727],[1.60943791]
0,544,[-0.20534107],[1.79175947]
0,545,[0.33761388],[2.07944154]
0,546,[-0.08586348],[0.]
0,547,[-0.2849294],[0.]
0,548,[-0.6325001],[0.]
0,549,[-0.437231],[0.]
0,550,[0.01509924],[1.09861229]
0,551,[-0.52577853],[0.]
0,552,[-0.70004314],[0.]
0,553,[-0.52827716],[0.]
0,554,[-0.6625733],[0.]
0,555,[-0.74677205],[0.]
0,556,[-0.2645356],[0.]
0,557,[-0.07046993],[2.63905733]
0,558,[-0.14677069],[0.]
0,559,[-0.6067404],[0.]
0,560,[-0.79807276],[0.]
0,561,[0.07863539],[1.79175947]
0,562,[-0.7166397],[0.]
0,563,[0.20580627],[1.38629436]
0,564,[-0.64392036],[0.]
0,565,[-0.17411552],[1.09861229]
0,566,[-0.5443106],[0.]
0,567,[-1.0436349],[0.]
0,568,[-0.40886918],[2.56494936]
0,569,[-0.07185458],[0.]
0,570,[-0.22897977],[2.56494936]
0,571,[-1.073755],[3.13549422]
0,572,[0.13498624],[1.79175947]
0,573,[-0.6474456],[0.]
0,574,[-0.60277706],[0.]
0,575,[-0.25237936],[0.69314718]
0,576,[-0.2873914],[0.]
0,577,[0.02372073],[0.]
0,578,[-0.400994],[1.38629436]
0,579,[-0.478615],[0.]
0,580,[-0.36304465],[2.89037176]
0,581,[-0.09651803],[0.]
0,582,[-0.504618],[0.]
0,583,[-0.43753147],[3.80666249]
0,584,[-0.7718567],[0.]
0,585,[-0.79342085],[2.30258509]
0,586,[-0.5013486],[0.]
0,587,[-0.7058459],[0.]
0,588,[-0.88581866],[0.]
0,589,[-0.28483948],[1.79175947]
0,590,[-0.7253104],[0.]
0,591,[-0.92738944],[3.25809654]
0,592,[-0.40262192],[1.60943791]
0,593,[-0.86567456],[0.]
0,594,[-0.15847664],[0.]
0,595,[-0.8564835],[3.63758616]
0,596,[0.1340368],[1.94591015]
0,597,[-0.22539823],[1.60943791]
0,598,[-0.3323857],[1.09861229]
0,599,[-0.3884129],[0.]
0,600,[0.11539663],[1.60943791]
0,601,[-0.45583925],[2.07944154]
0,602,[-1.1284796],[0.]
0,603,[-1.0101234],[3.58351894]
0,604,[-0.6244944],[0.]
0,605,[-0.515179],[0.]
0,606,[-0.62845176],[0.]
0,607,[-0.34852675],[2.99573227]
0,608,[-0.26452392],[2.07944154]
0,609,[-0.18876104],[2.48490665]
0,610,[-0.8229926],[2.56494936]
0,611,[-0.3411634],[0.]
0,612,[-0.95360345],[0.]
0,613,[-0.78274274],[0.]
0,614,[0.10566116],[1.09861229]
0,615,[-0.7473553],[2.48490665]
0,616,[-0.49749273],[0.]
0,617,[-0.44358745],[2.99573227]
0,618,[0.1413892],[2.7080502]
0,619,[-0.07698213],[0.]
0,620,[-0.8307831],[0.]
0,621,[-0.7410102],[0.]
0,622,[-0.62629986],[0.]
0,623,[-0.8477243],[0.]
0,624,[-0.14621219],[2.94443898]
0,625,[0.01509924],[0.]
0,626,[-0.75442034],[0.]
0,627,[-0.48280752],[2.19722458]
0,628,[-0.77939004],[3.4657359]
0,629,[-0.06225229],[2.63905733]
0,630,[-0.36887932],[2.48490665]
0,631,[-0.12645763],[1.94591015]
0,632,[-0.35164306],[2.07944154]
0,633,[-1.1619473],[0.]
0,634,[-0.5509181],[3.17805383]
0,635,[-0.31239426],[0.]
0,636,[0.01509924],[0.]
0,637,[-0.54305017],[2.19722458]
0,638,[-0.8730026],[0.]
0,639,[-0.97792095],[0.]
0,640,[-0.73733085],[2.19722458]
0,641,[-0.41873363],[2.77258872]
0,642,[-0.7717894],[0.]
0,643,[-0.8229876],[0.]
0,644,[-0.16561149],[2.7080502]
0,645,[-1.2406669],[2.48490665]
0,646,[-0.08408856],[1.60943791]
0,647,[-0.27064797],[3.04452244]
0,648,[-0.28202486],[2.63905733]
0,649,[-0.21610178],[1.79175947]
0,650,[-0.5759899],[1.60943791]
0,651,[-1.2119248],[0.]
0,652,[-0.4166331],[2.19722458]
0,653,[-0.07802821],[0.]
0,654,[-0.97127396],[0.]
0,655,[0.02673718],[2.83321334]
0,656,[0.07063607],[1.79175947]
0,657,[-1.1000185],[0.]
0,658,[-0.13792068],[1.94591015]
0,659,[-0.55248445],[0.]
0,660,[-0.4426781],[0.]
0,661,[-0.6957095],[2.48490665]
0,662,[-0.41990995],[2.19722458]
0,663,[-0.7552598],[0.]
0,664,[-0.22132003],[1.09861229]
0,665,[-0.64625925],[0.]
0,666,[0.01509924],[2.56494936]
0,667,[-0.7426564],[0.]
0,668,[-0.4112314],[2.56494936]
0,669,[0.01509924],[0.]
0,670,[-0.4172059],[2.19722458]
0,671,[-1.0884976],[0.]
0,672,[-0.59357333],[2.07944154]
0,673,[-0.02749244],[0.]
0,674,[-0.96088344],[3.36729583]
0,675,[0.19378532],[0.]
0,676,[-0.5048713],[0.]
0,677,[-0.58125526],[0.]
0,678,[-0.1801237],[4.02535169]
0,679,[-0.9580915],[0.]
0,680,[0.01612915],[1.38629436]
0,681,[-1.1126707],[0.]
0,682,[-1.1072989],[3.40119738]
0,683,[-0.96245825],[0.]
0,684,[-0.49344563],[2.89037176]
0,685,[-0.08494126],[0.69314718]
0,686,[-0.01873449],[1.60943791]
0,687,[-0.3581164],[2.39789527]
0,688,[-0.23633058],[1.79175947]
0,689,[-0.29944047],[1.60943791]
0,690,[-1.0987022],[0.]
0,691,[-0.46152243],[0.]
0,692,[-0.49722433],[1.38629436]
0,693,[-0.335916],[1.09861229]
0,694,[-0.27822974],[1.79175947]
0,695,[0.01685726],[3.04452244]
0,696,[0.04767317],[2.63905733]
0,697,[-0.39840218],[0.]
0,698,[-0.34640494],[0.]
0,699,[-0.7222366],[0.]
0,700,[-0.38591576],[2.48490665]
0,701,[-0.03601278],[2.19722458]
0,702,[-0.20669182],[3.04452244]
0,703,[-1.0565723],[0.]
0,704,[-0.35501587],[0.]
0,705,[-0.10709749],[3.25809654]
0,706,[-0.56609905],[1.79175947]
0,707,[-0.25590312],[2.56494936]
0,708,[-0.44610244],[0.]
0,709,[-0.3630069],[3.61091791]
0,710,[-0.5962506],[0.69314718]
0,711,[-0.59250957],[3.8918203]
0,712,[-0.6775196],[0.]
0,713,[-1.1626968],[0.]
0,714,[0.27681503],[0.]
0,715,[-0.42058033],[2.07944154]
0,716,[-0.5809035],[0.]
0,717,[-0.82428217],[0.]
0,718,[-0.36175156],[2.07944154]
0,719,[-0.3390609],[0.]
0,720,[-0.35816967],[0.]
0,721,[-0.8675732],[0.]
0,722,[-0.2402714],[2.56494936]
0,723,[-0.63726157],[0.]
0,724,[-0.7868914],[0.]
0,725,[-0.5120701],[0.]
0,726,[-0.8673373],[0.]
0,727,[-0.43079427],[2.39789527]
0,728,[-0.60700345],[2.30258509]
0,729,[-1.1397998],[0.]
0,730,[-1.1118704],[0.]
0,731,[-0.54927117],[1.79175947]
0,732,[-0.7682738],[0.]
0,733,[-0.23902108],[3.49650756]
0,734,[0.40816918],[1.60943791]
0,735,[-0.6594679],[0.]
0,736,[-0.08885697],[2.07944154]
0,737,[-0.10204002],[3.21887582]
0,738,[-0.54652435],[2.07944154]
0,739,[-0.6093961],[2.19722458]
0,740,[-0.66875124],[3.21887582]
0,741,[-0.38437003],[2.19722458]
0,742,[-1.2535489],[0.]
0,743,[-0.15643327],[0.]
0,744,[0.09168562],[2.39789527]
0,745,[-0.8052786],[0.]
0,746,[0.01509924],[2.19722458]
0,747,[-0.41918424],[0.]
0,748,[-0.8431327],[2.77258872]
0,749,[-0.43185207],[0.]
0,750,[-0.6788632],[0.]
0,751,[-0.05408652],[3.52636052]
0,752,[-0.08096772],[1.60943791]
0,753,[-0.76271373],[0.]
0,754,[-0.32880366],[1.94591015]
0,755,[0.15559217],[1.79175947]
0,756,[-0.72679526],[2.94443898]
0,757,[-0.47193933],[2.89037176]
0,758,[-0.65957713],[3.17805383]
0,759,[-0.07460994],[0.69314718]
0,760,[-0.27034402],[1.38629436]
0,761,[-0.4329605],[0.]
0,762,[-1.1820596],[0.]
0,763,[-0.1472828],[0.]
0,764,[-0.58668315],[3.13549422]
0,765,[-1.2142352],[0.]
0,766,[-0.06243636],[1.94591015]
0,767,[-0.1894565],[0.69314718]
0,768,[-0.48964345],[0.]
0,769,[-0.40792203],[0.]
0,770,[-0.18812518],[0.]
0,771,[-0.02597299],[2.19722458]
0,772,[-0.44140106],[1.38629436]
0,773,[-0.71190435],[0.]
0,774,[-0.28708935],[2.63905733]
0,775,[-0.20169397],[1.94591015]
0,776,[-0.48718178],[0.]
0,777,[-1.0902872],[0.]
0,778,[-0.29648083],[2.56494936]
0,779,[-0.27689812],[2.7080502]
0,780,[-1.086293],[0.]
0,781,[-0.6804813],[0.]
0,782,[-0.5978381],[0.]
0,783,[-0.10968417],[2.39789527]
0,784,[-0.8254925],[0.]
0,785,[-1.1146026],[0.]
0,786,[-0.79899216],[0.]
0,787,[-0.5428334],[0.]
0,788,[-0.03896832],[1.09861229]
0,789,[-0.1818575],[0.69314718]
0,790,[-0.05839575],[1.09861229]
0,791,[-0.7042273],[0.]
0,792,[-0.18760718],[2.19722458]
0,793,[-0.50943726],[0.]
0,794,[-0.51335245],[3.04452244]
0,795,[-0.5525345],[2.63905733]
0,796,[-1.4096339],[0.]
0,797,[-0.4881897],[0.]
0,798,[-0.96697325],[0.]
0,799,[-0.6999348],[0.]
0,800,[-1.5855708],[0.]
0,801,[-0.35651952],[0.]
0,802,[-0.60715395],[3.4339872]
0,803,[-0.87211746],[0.]
0,804,[-0.608831],[0.]
0,805,[-0.46692413],[0.]
0,806,[-0.02921337],[3.04452244]
0,807,[-0.2309627],[2.19722458]
0,808,[-1.2220924],[0.]
0,809,[-0.73942345],[0.]
0,810,[-0.50368476],[2.94443898]
0,811,[0.01509924],[0.69314718]
0,812,[-0.3942564],[0.]
0,813,[-1.015],[0.]
0,814,[-0.36743325],[1.09861229]
0,815,[-0.24797715],[2.48490665]
0,816,[-0.9518382],[0.]
0,817,[-0.5601742],[0.]
0,818,[-1.2882606],[0.]
0,819,[-0.6058789],[0.]
0,820,[0.00246367],[1.09861229]
0,821,[-1.1244234],[0.]
0,822,[-0.0226371],[0.69314718]
0,823,[-0.62388617],[0.]
0,824,[-0.5205069],[1.60943791]
0,825,[-0.6452665],[0.]
0,826,[-0.5158878],[0.]
0,827,[-0.05650107],[1.79175947]
0,828,[-0.07022373],[0.69314718]
0,829,[-0.3013727],[1.09861229]
0,830,[-0.7246632],[0.]
0,831,[-0.1216303],[3.4657359]
0,832,[-0.38410342],[0.]
0,833,[-0.3197343],[2.94443898]
0,834,[-0.44027638],[0.69314718]
0,835,[-0.5844549],[2.77258872]
0,836,[-0.27330795],[1.09861229]
0,837,[-0.34641093],[2.30258509]
0,838,[-0.8810722],[1.60943791]
0,839,[-0.27517694],[1.38629436]
0,840,[-0.5610202],[2.30258509]
0,841,[-0.88198626],[0.]
0,842,[-0.7971969],[0.]
0,843,[-0.5472574],[2.94443898]
0,844,[-0.43754357],[0.]
0,845,[-0.55239385],[2.48490665]
0,846,[-0.50742847],[2.19722458]
0,847,[-0.09831189],[0.69314718]
0,848,[-0.22485514],[1.09861229]
0,849,[-0.48188332],[0.69314718]
0,850,[-0.46930146],[3.09104245]
0,851,[-0.66144735],[0.]
0,852,[-0.48340914],[3.17805383]
0,853,[-0.39274237],[1.60943791]
0,854,[-0.7734515],[0.]
0,855,[-0.46571124],[0.]
0,856,[-0.3978592],[0.]
0,857,[-0.84474355],[0.]
0,858,[-0.33917665],[0.]
0,859,[-0.2034079],[0.69314718]
0,860,[-0.4261124],[0.]
0,861,[-0.62740964],[3.33220451]
0,862,[-1.1997464],[0.]
0,863,[-0.33638528],[1.79175947]
0,864,[-0.80668586],[0.]
0,865,[-0.7554653],[0.]
0,866,[-0.37870556],[0.]
0,867,[-0.23274714],[1.79175947]
0,868,[-0.5594508],[1.60943791]
0,869,[-0.6078524],[0.]
0,870,[-0.14365487],[0.]
0,871,[-0.8302553],[0.]
0,872,[-0.33999562],[0.]
0,873,[-0.93034816],[0.]
0,874,[-0.16222505],[2.30258509]
0,875,[-0.61945605],[0.]
0,876,[-0.5665192],[2.89037176]
0,877,[-0.6002899],[3.04452244]
0,878,[-0.81550467],[0.]
0,879,[-0.12622121],[2.94443898]
0,880,[-0.7782839],[0.]
0,881,[-0.31056225],[0.]
0,882,[-0.15009102],[1.38629436]
0,883,[-0.57053095],[1.38629436]
0,884,[-0.02862237],[1.60943791]
0,885,[-0.42824876],[2.30258509]
0,886,[-0.8014377],[0.]
0,887,[0.01442366],[1.38629436]
0,888,[-0.70229083],[0.]
0,889,[-0.40043056],[2.07944154]
0,890,[-0.5218205],[0.]
0,891,[-0.39469308],[2.07944154]
0,892,[-0.6186473],[3.61091791]
0,893,[0.2502161],[1.09861229]
0,894,[-0.07246543],[2.89037176]
0,895,[0.10471279],[2.39789527]
0,896,[-1.016312],[0.]
0,897,[-0.43040866],[3.93182563]
0,898,[0.01509924],[1.09861229]
0,899,[0.00540508],[0.]
0,900,[-0.7489328],[0.]
0,901,[-0.37328777],[2.39789527]
0,902,[-0.15534738],[1.38629436]
0,903,[-0.606487],[1.94591015]
0,904,[-0.46167287],[1.94591015]
0,905,[-1.2990863],[0.]
0,906,[-0.3348491],[2.63905733]
0,907,[-0.8085117],[0.]
0,908,[-0.26575762],[2.07944154]
0,909,[-0.9679482],[0.]
0,910,[-0.04008725],[1.60943791]
0,911,[-0.27219185],[1.79175947]
0,912,[-0.8066241],[0.]
0,913,[-0.6722832],[0.]
0,914,[-0.6469639],[2.19722458]
0,915,[0.00157772],[1.60943791]
0,916,[-0.03311624],[2.94443898]
0,917,[-0.0439687],[1.60943791]
0,918,[-0.4083879],[3.17805383]
0,919,[-0.01750991],[1.94591015]
0,920,[-0.9356236],[0.]
0,921,[-0.4439528],[1.09861229]
0,922,[-0.0323352],[2.07944154]
0,923,[-0.05805142],[3.13549422]
0,924,[-0.08914378],[0.]
0,925,[-0.0006689],[1.38629436]
0,926,[-0.5516275],[1.09861229]
0,927,[-0.34466732],[1.94591015]
0,928,[-0.5135371],[0.]
0,929,[-0.3958957],[1.38629436]
0,930,[-1.3236583],[3.63758616]
0,931,[-0.12778477],[2.39789527]
0,932,[-0.24241935],[0.69314718]
0,933,[-0.44469517],[1.94591015]
0,934,[-0.24293102],[1.60943791]
0,935,[-0.24442844],[0.]
0,936,[-0.2667852],[2.19722458]
0,937,[-0.9868186],[0.]
0,938,[-0.18744127],[2.30258509]
0,939,[-0.5673704],[0.]
0,940,[-1.1559536],[0.]
0,941,[-0.6992952],[0.]
0,942,[-1.0742942],[0.]
0,943,[-0.95847994],[0.]
0,944,[-0.5005869],[2.89037176]
0,945,[-0.4235733],[0.]
0,946,[-0.62845504],[3.21887582]
0,947,[-0.6037773],[0.]
0,948,[-0.91723335],[0.]
0,949,[-0.03949747],[1.09861229]
0,950,[0.20973274],[1.38629436]
0,951,[-0.70079106],[0.]
0,952,[-0.26058587],[3.04452244]
0,953,[-0.5603173],[1.38629436]
0,954,[-1.049521],[3.58351894]
0,955,[-0.16112478],[0.]
0,956,[0.07541497],[0.]
0,957,[-0.40055484],[0.]
0,958,[-0.10686167],[2.19722458]
0,959,[-0.36552906],[2.63905733]
0,960,[-0.7956076],[0.]
0,961,[-1.0194334],[0.]
0,962,[-0.9965121],[0.]
0,963,[-0.3936811],[2.39789527]
0,964,[-1.1694053],[0.]
0,965,[-0.31898576],[2.56494936]
0,966,[-0.67555034],[1.38629436]
0,967,[-0.9217585],[1.38629436]
0,968,[-0.6915237],[2.56494936]
0,969,[-0.784303],[0.]
0,970,[-0.2783141],[1.09861229]
0,971,[-0.7068451],[2.77258872]
0,972,[-0.57160157],[0.69314718]
0,973,[-0.41101122],[3.29583687]
0,974,[-1.0136514],[0.]
0,975,[-0.8225999],[0.]
0,976,[0.01509924],[2.07944154]
0,977,[-0.06531922],[1.38629436]
0,978,[-0.5203603],[0.]
0,979,[-0.24267705],[1.79175947]
0,980,[-0.4272587],[2.39789527]
0,981,[-0.3067375],[2.77258872]
0,982,[-0.416612],[3.25809654]
0,983,[-0.14315106],[2.30258509]
0,984,[-0.7868261],[0.]
0,985,[-0.5635918],[0.]
0,986,[-0.7103284],[0.]
0,987,[-0.33132416],[0.69314718]
0,988,[-0.5477724],[0.]
0,989,[-1.0414336],[3.09104245]
0,990,[-0.64999384],[0.]
0,991,[-0.2942345],[0.]
0,992,[-0.21558562],[2.19722458]
0,993,[-0.30326337],[2.30258509]
0,994,[-0.97506136],[3.13549422]
0,995,[-1.0469792],[1.79175947]
0,996,[-0.34811497],[0.]
0,997,[-0.66009206],[0.]
0,998,[-1.230669],[0.]
0,999,[-0.60446054],[0.]
